-- MySQL dump 10.17  Distrib 10.3.14-MariaDB, for Linux (x86_64)
--
-- Host: localhost    Database: hospital
-- ------------------------------------------------------
-- Server version	10.3.14-MariaDB

/*!40101 SET @OLD_CHARACTER_SET_CLIENT=@@CHARACTER_SET_CLIENT */;
/*!40101 SET @OLD_CHARACTER_SET_RESULTS=@@CHARACTER_SET_RESULTS */;
/*!40101 SET @OLD_COLLATION_CONNECTION=@@COLLATION_CONNECTION */;
/*!40101 SET NAMES utf8mb4 */;
/*!40103 SET @OLD_TIME_ZONE=@@TIME_ZONE */;
/*!40103 SET TIME_ZONE='+00:00' */;
/*!40014 SET @OLD_UNIQUE_CHECKS=@@UNIQUE_CHECKS, UNIQUE_CHECKS=0 */;
/*!40014 SET @OLD_FOREIGN_KEY_CHECKS=@@FOREIGN_KEY_CHECKS, FOREIGN_KEY_CHECKS=0 */;
/*!40101 SET @OLD_SQL_MODE=@@SQL_MODE, SQL_MODE='NO_AUTO_VALUE_ON_ZERO' */;
/*!40111 SET @OLD_SQL_NOTES=@@SQL_NOTES, SQL_NOTES=0 */;

--
-- Table structure for table `T_BRXX`
--

DROP TABLE IF EXISTS `T_BRXX`;
/*!40101 SET @saved_cs_client     = @@character_set_client */;
/*!40101 SET character_set_client = utf8 */;
CREATE TABLE `T_BRXX` (
  `BRBH` char(6) NOT NULL,
  `BRMC` char(10) NOT NULL,
  `DLKL` char(8) NOT NULL,
  `YCJE` decimal(10,2) NOT NULL,
  `DLRQ` timestamp NOT NULL DEFAULT current_timestamp() ON UPDATE current_timestamp(),
  PRIMARY KEY (`BRBH`)
) ENGINE=InnoDB DEFAULT CHARSET=utf8;
/*!40101 SET character_set_client = @saved_cs_client */;

--
-- Dumping data for table `T_BRXX`
--

LOCK TABLES `T_BRXX` WRITE;
/*!40000 ALTER TABLE `T_BRXX` DISABLE KEYS */;
INSERT INTO `T_BRXX` VALUES ('000001','张秀英','123456',0.00,'2019-05-16 08:00:36'),('000002','张洁','123456',0.00,'2019-05-08 10:32:44'),('000003','孟志强','123456',50.00,'2019-05-08 05:19:01'),('000004','李雪','123456',0.00,'2019-05-08 08:52:27'),('000005','袁平','123456',0.00,'2019-05-08 13:58:44'),('000006','黄颖','123456',40.00,'2019-05-08 05:19:01'),('000007','吴超','123456',0.00,'2019-05-08 13:10:53'),('000008','马燕','123456',50.00,'2019-05-08 05:19:01'),('000009','罗强','123456',60.00,'2019-05-08 05:19:01'),('000010','林鹏','123456',70.00,'2019-05-08 05:19:01');
/*!40000 ALTER TABLE `T_BRXX` ENABLE KEYS */;
UNLOCK TABLES;

--
-- Table structure for table `T_GHXX`
--

DROP TABLE IF EXISTS `T_GHXX`;
/*!40101 SET @saved_cs_client     = @@character_set_client */;
/*!40101 SET character_set_client = utf8 */;
CREATE TABLE `T_GHXX` (
  `GHBH` char(6) NOT NULL,
  `HZBH` char(6) NOT NULL,
  `YSBH` char(6) NOT NULL,
  `BRBH` char(6) NOT NULL,
  `GHRC` int(11) NOT NULL,
  `THBZ` tinyint(1) NOT NULL DEFAULT 0,
  `GHFY` decimal(8,2) NOT NULL,
  `RQSJ` timestamp NOT NULL DEFAULT current_timestamp(),
  `KBSJ` timestamp NOT NULL DEFAULT '0000-00-00 00:00:00',
  PRIMARY KEY (`GHBH`),
  KEY `HZBH` (`HZBH`),
  KEY `YSBH` (`YSBH`),
  KEY `BRBH` (`BRBH`),
  CONSTRAINT `T_GHXX_ibfk_1` FOREIGN KEY (`HZBH`) REFERENCES `T_HZXX` (`HZBH`),
  CONSTRAINT `T_GHXX_ibfk_2` FOREIGN KEY (`YSBH`) REFERENCES `T_KSYS` (`YSBH`),
  CONSTRAINT `T_GHXX_ibfk_3` FOREIGN KEY (`BRBH`) REFERENCES `T_BRXX` (`BRBH`)
) ENGINE=InnoDB DEFAULT CHARSET=utf8;
/*!40101 SET character_set_client = @saved_cs_client */;

--
-- Dumping data for table `T_GHXX`
--

LOCK TABLES `T_GHXX` WRITE;
/*!40000 ALTER TABLE `T_GHXX` DISABLE KEYS */;
INSERT INTO `T_GHXX` VALUES ('000001','000012','000010','000001',1,0,10.50,'2019-05-08 05:20:04','0000-00-00 00:00:00'),('000002','000002','000005','000002',1,0,20.50,'2019-05-08 05:21:39','0000-00-00 00:00:00'),('000003','000008','000001','000002',1,0,10.50,'2019-05-08 05:50:30','0000-00-00 00:00:00'),('000004','000002','000003','000002',2,0,20.50,'2019-05-08 05:51:06','0000-00-00 00:00:00'),('000005','000005','000009','000002',1,0,20.50,'2019-05-08 05:54:01','0000-00-00 00:00:00'),('000006','000008','000001','000004',2,0,10.50,'2019-05-08 08:52:27','0000-00-00 00:00:00'),('000007','000001','000001','000005',1,0,20.50,'2019-05-08 09:11:20','0000-00-00 00:00:00'),('000008','000008','000001','000001',3,0,10.50,'2019-05-08 10:33:46','0000-00-00 00:00:00'),('000009','000009','000004','000005',1,0,10.50,'2019-05-08 10:40:06','0000-00-00 00:00:00'),('000010','000009','000004','000001',2,0,10.50,'2019-05-08 10:40:23','0000-00-00 00:00:00'),('000011','000008','000001','000001',4,0,10.50,'2019-05-08 12:04:22','0000-00-00 00:00:00'),('000012','000013','000011','000007',1,0,10.50,'2019-05-08 13:10:20','0000-00-00 00:00:00'),('000013','000006','000011','000007',1,0,20.50,'2019-05-08 13:10:53','0000-00-00 00:00:00'),('000014','000014','000013','000007',1,0,10.50,'2019-05-08 13:12:51','0000-00-00 00:00:00'),('000015','000008','000001','000007',5,0,10.50,'2019-05-08 13:13:11','0000-00-00 00:00:00'),('000016','000008','000001','000007',6,0,10.50,'2019-05-08 13:13:24','0000-00-00 00:00:00'),('000017','000008','000001','000007',7,0,10.50,'2019-05-08 13:13:37','0000-00-00 00:00:00'),('000018','000008','000001','000007',8,0,10.50,'2019-05-08 13:15:19','0000-00-00 00:00:00'),('000019','000008','000001','000007',9,0,10.50,'2019-05-08 13:15:30','0000-00-00 00:00:00'),('000020','000008','000001','000007',10,0,10.50,'2019-05-08 13:15:39','0000-00-00 00:00:00'),('000021','000008','000001','000007',11,0,10.50,'2019-05-08 13:16:13','0000-00-00 00:00:00'),('000022','000008','000001','000007',12,0,10.50,'2019-05-08 13:16:21','0000-00-00 00:00:00'),('000023','000008','000001','000007',13,0,10.50,'2019-05-08 13:16:22','0000-00-00 00:00:00'),('000024','000008','000001','000007',14,0,10.50,'2019-05-08 13:16:23','0000-00-00 00:00:00'),('000025','000008','000001','000007',15,0,10.50,'2019-05-08 13:16:29','0000-00-00 00:00:00'),('000026','000008','000001','000007',16,0,10.50,'2019-05-08 13:16:29','0000-00-00 00:00:00'),('000027','000008','000001','000007',17,0,10.50,'2019-05-08 13:16:33','0000-00-00 00:00:00'),('000028','000008','000001','000007',18,0,10.50,'2019-05-08 13:16:35','0000-00-00 00:00:00'),('000029','000008','000001','000007',19,0,10.50,'2019-05-08 13:16:36','0000-00-00 00:00:00'),('000030','000008','000001','000007',20,0,10.50,'2019-05-08 13:16:47','0000-00-00 00:00:00'),('000031','000001','000001','000001',2,0,20.50,'2019-05-08 13:36:17','0000-00-00 00:00:00'),('000032','000001','000001','000001',3,0,20.50,'2019-05-08 13:36:58','0000-00-00 00:00:00'),('000033','000011','000007','000001',1,0,10.50,'2019-05-08 13:47:57','0000-00-00 00:00:00'),('000034','000011','000007','000001',2,0,10.50,'2019-05-08 13:47:59','0000-00-00 00:00:00'),('000035','000011','000007','000001',3,0,10.50,'2019-05-08 13:48:00','0000-00-00 00:00:00'),('000036','000011','000007','000001',4,0,10.50,'2019-05-08 13:48:00','0000-00-00 00:00:00'),('000037','000011','000007','000001',5,0,10.50,'2019-05-08 13:48:01','0000-00-00 00:00:00'),('000038','000011','000007','000001',6,0,10.50,'2019-05-08 13:48:01','0000-00-00 00:00:00'),('000039','000011','000007','000001',7,0,10.50,'2019-05-08 13:48:02','0000-00-00 00:00:00'),('000040','000011','000007','000001',8,0,10.50,'2019-05-08 13:48:03','0000-00-00 00:00:00'),('000041','000011','000007','000001',9,0,10.50,'2019-05-08 13:48:05','0000-00-00 00:00:00'),('000042','000011','000007','000001',10,0,10.50,'2019-05-08 13:48:05','0000-00-00 00:00:00'),('000043','000011','000007','000001',11,0,10.50,'2019-05-08 13:48:07','0000-00-00 00:00:00'),('000044','000011','000007','000001',12,0,10.50,'2019-05-08 13:48:08','0000-00-00 00:00:00'),('000045','000011','000007','000001',13,0,10.50,'2019-05-08 13:48:09','0000-00-00 00:00:00'),('000046','000011','000007','000001',14,0,10.50,'2019-05-08 13:48:10','0000-00-00 00:00:00'),('000047','000011','000007','000001',15,0,10.50,'2019-05-08 13:48:11','0000-00-00 00:00:00'),('000048','000011','000007','000001',16,0,10.50,'2019-05-08 13:48:11','0000-00-00 00:00:00'),('000049','000011','000007','000001',17,0,10.50,'2019-05-08 13:48:12','0000-00-00 00:00:00'),('000050','000011','000007','000001',18,0,10.50,'2019-05-08 13:48:13','0000-00-00 00:00:00'),('000051','000011','000007','000001',19,0,10.50,'2019-05-08 13:48:13','0000-00-00 00:00:00'),('000052','000011','000007','000001',20,0,10.50,'2019-05-08 13:48:14','0000-00-00 00:00:00'),('000053','000014','000013','000005',2,0,10.50,'2019-05-08 13:59:03','0000-00-00 00:00:00'),('000054','000014','000013','000005',3,0,10.50,'2019-05-08 13:59:03','0000-00-00 00:00:00'),('000055','000014','000013','000005',4,0,10.50,'2019-05-08 13:59:05','0000-00-00 00:00:00'),('000056','000014','000013','000005',5,0,10.50,'2019-05-08 13:59:09','0000-00-00 00:00:00'),('000057','000014','000013','000005',6,0,10.50,'2019-05-08 13:59:10','0000-00-00 00:00:00'),('000058','000014','000013','000005',7,0,10.50,'2019-05-08 13:59:11','0000-00-00 00:00:00'),('000059','000014','000013','000005',8,0,10.50,'2019-05-08 13:59:12','0000-00-00 00:00:00'),('000060','000014','000013','000005',9,0,10.50,'2019-05-08 13:59:13','0000-00-00 00:00:00'),('000061','000014','000013','000005',10,0,10.50,'2019-05-08 13:59:13','0000-00-00 00:00:00'),('000062','000014','000013','000005',11,0,10.50,'2019-05-08 13:59:14','0000-00-00 00:00:00'),('000063','000014','000013','000005',12,0,10.50,'2019-05-08 13:59:15','0000-00-00 00:00:00'),('000064','000014','000013','000005',13,0,10.50,'2019-05-08 13:59:16','0000-00-00 00:00:00'),('000065','000014','000013','000005',14,0,10.50,'2019-05-08 13:59:16','0000-00-00 00:00:00'),('000066','000014','000013','000005',15,0,10.50,'2019-05-08 13:59:17','0000-00-00 00:00:00'),('000067','000014','000013','000005',16,0,10.50,'2019-05-08 13:59:18','0000-00-00 00:00:00'),('000068','000014','000013','000005',17,0,10.50,'2019-05-08 13:59:19','0000-00-00 00:00:00'),('000069','000014','000013','000005',18,0,10.50,'2019-05-08 13:59:36','0000-00-00 00:00:00'),('000070','000014','000013','000005',19,0,10.50,'2019-05-08 13:59:49','0000-00-00 00:00:00'),('000071','000014','000013','000005',20,0,10.50,'2019-05-08 13:59:53','0000-00-00 00:00:00');
/*!40000 ALTER TABLE `T_GHXX` ENABLE KEYS */;
UNLOCK TABLES;

--
-- Table structure for table `T_HZXX`
--

DROP TABLE IF EXISTS `T_HZXX`;
/*!40101 SET @saved_cs_client     = @@character_set_client */;
/*!40101 SET character_set_client = utf8 */;
CREATE TABLE `T_HZXX` (
  `HZBH` char(6) NOT NULL,
  `HZMC` char(12) NOT NULL,
  `PYZS` char(4) NOT NULL,
  `KSBH` char(6) NOT NULL,
  `SFZJ` tinyint(1) NOT NULL,
  `GHRS` int(11) NOT NULL,
  `GHFY` decimal(10,2) NOT NULL,
  PRIMARY KEY (`HZBH`),
  KEY `KSBH` (`KSBH`),
  CONSTRAINT `T_HZXX_ibfk_1` FOREIGN KEY (`KSBH`) REFERENCES `T_KSXX` (`KSBH`)
) ENGINE=InnoDB DEFAULT CHARSET=utf8;
/*!40101 SET character_set_client = @saved_cs_client */;

--
-- Dumping data for table `T_HZXX`
--

LOCK TABLES `T_HZXX` WRITE;
/*!40000 ALTER TABLE `T_HZXX` DISABLE KEYS */;
INSERT INTO `T_HZXX` VALUES ('000001','专家号种一','ZJY','000001',1,20,20.50),('000002','专家号种二','ZJE','000002',1,20,20.50),('000003','专家号种三','ZJS','000003',1,20,20.50),('000004','专家号种四','ZJSI','000004',1,20,20.50),('000005','专家号种五','ZJW','000005',1,20,20.50),('000006','专家号种六','ZJL','000006',1,20,20.50),('000007','专家号种七','ZJQ','000007',1,20,20.50),('000008','普通号种一','PTY','000001',0,20,10.50),('000009','普通号种二','PTE','000002',0,20,10.50),('000010','普通号种三','PTSI','000003',0,20,10.50),('000011','普通号种四','PTS','000004',0,20,10.50),('000012','普通号种五','PTW','000005',0,20,10.50),('000013','普通号种六','PTL','000006',0,20,10.50),('000014','普通号种七','PTQ','000007',0,20,10.50);
/*!40000 ALTER TABLE `T_HZXX` ENABLE KEYS */;
UNLOCK TABLES;

--
-- Table structure for table `T_KSXX`
--

DROP TABLE IF EXISTS `T_KSXX`;
/*!40101 SET @saved_cs_client     = @@character_set_client */;
/*!40101 SET character_set_client = utf8 */;
CREATE TABLE `T_KSXX` (
  `KSBH` char(6) NOT NULL,
  `KSMC` char(10) NOT NULL,
  `PYZS` char(8) NOT NULL,
  PRIMARY KEY (`KSBH`)
) ENGINE=InnoDB DEFAULT CHARSET=utf8;
/*!40101 SET character_set_client = @saved_cs_client */;

--
-- Dumping data for table `T_KSXX`
--

LOCK TABLES `T_KSXX` WRITE;
/*!40000 ALTER TABLE `T_KSXX` DISABLE KEYS */;
INSERT INTO `T_KSXX` VALUES ('000001','内科','NK'),('000002','外科','WK'),('000003','妇产科','FCK'),('000004','眼科','YK'),('000005','耳鼻喉科','EBHK'),('000006','口腔科','KQK'),('000007','皮肤科','PFK');
/*!40000 ALTER TABLE `T_KSXX` ENABLE KEYS */;
UNLOCK TABLES;

--
-- Table structure for table `T_KSYS`
--

DROP TABLE IF EXISTS `T_KSYS`;
/*!40101 SET @saved_cs_client     = @@character_set_client */;
/*!40101 SET character_set_client = utf8 */;
CREATE TABLE `T_KSYS` (
  `YSBH` char(6) NOT NULL,
  `KSBH` char(6) NOT NULL,
  `YSMC` char(10) NOT NULL,
  `PYZS` char(4) DEFAULT NULL,
  `DLKL` char(8) NOT NULL,
  `SFZJ` tinyint(1) NOT NULL,
  `DLRQ` timestamp NOT NULL DEFAULT current_timestamp() ON UPDATE current_timestamp(),
  PRIMARY KEY (`YSBH`),
  KEY `KSBH` (`KSBH`),
  CONSTRAINT `T_KSYS_ibfk_1` FOREIGN KEY (`KSBH`) REFERENCES `T_KSXX` (`KSBH`)
) ENGINE=InnoDB DEFAULT CHARSET=utf8;
/*!40101 SET character_set_client = @saved_cs_client */;

--
-- Dumping data for table `T_KSYS`
--

LOCK TABLES `T_KSYS` WRITE;
/*!40000 ALTER TABLE `T_KSYS` DISABLE KEYS */;
INSERT INTO `T_KSYS` VALUES ('000001','000001','杨玉英','YYY','123',1,'2019-05-16 08:02:31'),('000002','000001','葛成','GC','123',0,'2019-05-08 05:19:01'),('000003','000002','曹冬梅','CDM','123',1,'2019-05-08 05:19:01'),('000004','000002','谢瑜','XY','123',0,'2019-05-08 05:19:01'),('000005','000003','孙鹏','SP','123',1,'2019-05-08 05:19:01'),('000006','000003','黄峰','HF','123',0,'2019-05-08 05:19:01'),('000007','000004','盛淑珍','SSZ','123',1,'2019-05-08 05:19:01'),('000008','000004','黄颖','HY','123',0,'2019-05-08 05:19:01'),('000009','000005','张金凤','ZJF','123',1,'2019-05-08 05:19:01'),('000010','000005','范倩','FQ','123',0,'2019-05-08 05:19:01'),('000011','000006','王桂英','WGY','123',1,'2019-05-08 05:19:01'),('000012','000006','柳平','LP','123',0,'2019-05-08 05:19:01'),('000013','000007','孙建军','SJJ','123',1,'2019-05-08 05:19:01'),('000014','000007','张涛','ZT','123',0,'2019-05-08 05:19:01');
/*!40000 ALTER TABLE `T_KSYS` ENABLE KEYS */;
UNLOCK TABLES;
/*!40103 SET TIME_ZONE=@OLD_TIME_ZONE */;

/*!40101 SET SQL_MODE=@OLD_SQL_MODE */;
/*!40014 SET FOREIGN_KEY_CHECKS=@OLD_FOREIGN_KEY_CHECKS */;
/*!40014 SET UNIQUE_CHECKS=@OLD_UNIQUE_CHECKS */;
/*!40101 SET CHARACTER_SET_CLIENT=@OLD_CHARACTER_SET_CLIENT */;
/*!40101 SET CHARACTER_SET_RESULTS=@OLD_CHARACTER_SET_RESULTS */;
/*!40101 SET COLLATION_CONNECTION=@OLD_COLLATION_CONNECTION */;
/*!40111 SET SQL_NOTES=@OLD_SQL_NOTES */;

-- Dump completed on 2019-05-16 16:07:15
